<?xml version="1.0" encoding="UTF-8"?>
<item><pubDate>Tue, 01 Jan 2019 23:49:04 +0000</pubDate><title><![CDATA[About]]></title><url><![CDATA[about]]></url><meta><![CDATA[communism, darkweb, nootropics]]></meta><metad><![CDATA[blogioography]]></metad><menu><![CDATA[About]]></menu><menuStatus><![CDATA[Y]]></menuStatus><template><![CDATA[template.php]]></template><parent><![CDATA[]]></parent><content><![CDATA[&lt;p&gt;mechanized is the name of my blog. like, it&#039;s &lt;em&gt;the&lt;/em&gt; name of whatever the fuck trash i&#039;ve been putting on the internet since whenever. it&#039;s taken from a lyric i misheard (fuck you julian casablancas). this is most likely the 9th iteration, but honestly i just sort of made that up because i&#039;ve probably owned like twelve or thirteen domain names, besides the hosted blogs on like, blogspot and wordpress and envy.nu and the rest, across the fifteenish years i have been, as they say, Terminally Online.&lt;/p&gt;

&lt;p&gt;my name is andrew but online i have always gone by jerome, aka jerome scuggs. there&#039;s a backstory there as well, but honestly it&#039;s something best left to history because its origins are like 4% edgelordy which means probably 1% a little racist. but since then i have discovered so many awesome people named jerome, like jerome d. salinger, author of one of my favorite books, and i like to think that there&#039;s cosmic duality at play here folks, and i&#039;m prone to a certain belief in fate.&lt;/p&gt;
&lt;!-- &lt;p&gt;in terms of internet culture i&#039;ve always been a sort of middleman, existing in a weird space that isn&#039;t quite mainstream, but isn&#039;t like, total sewergutter either. my relationship to websites like 4chan and facebook have always been tangential at best - but that&#039;s the thing, i always fucked with the folks who didn&#039;t belong to a website, but rather owned websites. that was back before everything was reduced to a facebook page or a subreddit, so basically if you&#039;re reading this you either got suckered into following a link from my twitter, or you know me irl - hi mom, stop googling my shit.&lt;/p&gt;

&lt;p&gt;when i turned twenty i sort of stepped away from that online space i had carved out, and i did the stuff you do in your twenties - discover yourself, discover the world, dabble in pacifism and narcotics, have some pretty terrifying relationships, that sort of thing. but then i turned thirty and now everything hurts and people annoy me (nah, i love them. from a distance, preferably) but more importantly, i came across some of my old work on a misplaced harddrive from long ago - and i found it at a time when i had been sober for awhile, and so i had all this energy, and that harddrive opened a locked box of nostalgia and the rest is... i&#039;d say history, but i guess it&#039;s the present, because you&#039;re looking at the current efforts of this new project i have.&lt;/p&gt; --&gt;

&lt;p&gt;basically this blog is, hopefully, going to serve as a document that tracks my efforts to do a few things:&lt;/p&gt;

&lt;ul&gt;
	&lt;li&gt;learn some new languages: python mainly, html5 if i can, php because it&#039;s always been a mystery to me&lt;/li&gt;
	&lt;li&gt;build a website: not a god damned &quot;brand&quot;. just a website, that i can point to and say hey, i made this. and hopefully you, the idiot who has read this far, will find it interesting or useful enough to want to keep checking out.&lt;/li&gt;
	&lt;li&gt;launch a business: i don&#039;t want to get ahead of myself but i&#039;ve got this idea, i&#039;ve got a niche market scoped out, and i think it would be neat to use some of my talents to make some scratch while helping people break into a market that, right now, has some pretty steep entry costs. i had no money and alot of free time and i figured out some cheaper ways to do it, so stay tuned.&lt;/li&gt;
	&lt;li&gt;&lt;s&gt;sell nuclear material to iran and north korea&lt;/s&gt; well as it turns out you can&#039;t really acquire nuclear material, matter of fact as an american you can&#039;t really fuck with iran or north korea much at all unless you&#039;re a koch brother or rich enough to be able to contact a koch brother directly. sorry kim, sorry ayatollah, i tried.&lt;/li&gt;
&lt;/ul&gt;

&lt;p&gt;so that&#039;s about it. if you&#039;ve made it this far, you should hit me up on twitter (@craduation) or send me an email (subspacer at gmail) and tell me to get my lazy ass up and do more content, because i guarantee you that there hasn&#039;t been a new post since whatever day it is today. i tend to produce in spurts. just ask my exes, heyoooooo!!! just kidding sortof. anyways,&lt;/p&gt;
]]></content><private><![CDATA[]]></private><author><![CDATA[admin]]></author><menuOrder><![CDATA[1]]></menuOrder></item>
