<?xml version="1.0" encoding="UTF-8"?>
<item><pubDate>Mon, 31 Dec 2018 22:00:03 +0000</pubDate><title><![CDATA[Extras]]></title><url><![CDATA[extras]]></url><meta><![CDATA[]]></meta><metad><![CDATA[]]></metad><menu><![CDATA[Extras]]></menu><menuStatus><![CDATA[Y]]></menuStatus><template><![CDATA[template.php]]></template><parent><![CDATA[]]></parent><content><![CDATA[&lt;p&gt;&lt;img alt=&quot;&quot; src=&quot;https://yellowfog.xyz/mechanized/data/uploads/img/base16-shell.png&quot; style=&quot;width: 325px; height: 187px;&quot; /&gt;&lt;/p&gt;

&lt;p&gt;i couldn&#039;t even tell you where this particular colormap came from. looks like oceans16 or solarized or a deriviative of one or the other. you&#039;ll probably see more of these colors around as i begin to transition from a palette based on monokai to something more mellow.&amp;nbsp;&lt;/p&gt;

&lt;p&gt;technology used to create mechanized:&amp;nbsp;&lt;/p&gt;

&lt;p&gt;&lt;a href=&quot;http://get-simple.info/&quot;&gt;getsimple&lt;/a&gt;&lt;/p&gt;

&lt;p&gt;&lt;a href=&quot;https://www.nano-editor.org/&quot;&gt;nano&lt;/a&gt;&amp;nbsp;&lt;/p&gt;

&lt;p&gt;&lt;a href=&quot;https://midnight-commander.org/&quot;&gt;midnight commander&lt;/a&gt;&lt;/p&gt;

&lt;p&gt;&lt;a href=&quot;https://code.visualstudio.com/&quot;&gt;visual studio code&lt;/a&gt;&amp;nbsp;&lt;/p&gt;

&lt;p&gt;&lt;a href=&quot;https://getbootstrap.com/docs/3.3/getting-started/&quot; target=&quot;_blank&quot;&gt;html5 bootstrap&lt;/a&gt; (i&#039;ve butchered their code so much they will probably demand i remove any reference or association with them)&lt;/p&gt;

&lt;p&gt;&lt;a href=&quot;https://cyberduck.io/&quot;&gt;cyberduck&lt;/a&gt; (it&#039;s a file transfer program with such poor FTP support that i wound up learning how to use SFTP and SSH - which is an incredibly good thing. FTP is gross, stop using it. when it comes to ssh though, cyberduck really shines, it&#039;s super fast and easy to use)&lt;/p&gt;

&lt;p&gt;i&#039;ve been told i should look at using some more varied fonts, that might be easier to read in longform, but for various reasons (one. laziness) right now i am using two monospaced fonts that i have come to really appreciate as default fonts in my various consoles and text editors. they are &lt;strong&gt;fantasque sans mono (the font you&#039;re reading here)&lt;/strong&gt;, and &lt;code&gt;mononoki (which is this font right here)&lt;/code&gt;. i should link to them but eh, you can google them :)&amp;nbsp;&lt;/p&gt;

&lt;p&gt;&amp;nbsp;&lt;/p&gt;

&lt;p&gt;&amp;nbsp;&lt;/p&gt;

&lt;p&gt;&amp;nbsp;&lt;/p&gt;
]]></content><private><![CDATA[]]></private><author><![CDATA[admin]]></author><menuOrder><![CDATA[2]]></menuOrder></item>
