<?xml version="1.0" encoding="UTF-8"?>
<item><pubDate>Mon, 24 Dec 2018 23:51:38 +0000</pubDate><title><![CDATA[the latest]]></title><url><![CDATA[index]]></url><meta><![CDATA[getsimple, easy, content management system]]></meta><metad><![CDATA[]]></metad><menu><![CDATA[Home]]></menu><menuStatus><![CDATA[Y]]></menuStatus><template><![CDATA[template.php]]></template><parent><![CDATA[]]></parent><content><![CDATA[&lt;p&gt;Welcome to the landing page for the future home of &lt;strong&gt;Mechanized, v9.0&lt;/strong&gt;&lt;/p&gt;

&lt;h2&gt;Header 2&lt;/h2&gt;

&lt;p&gt;Lorem ipsum &lt;em&gt;dolor sit amet&lt;/em&gt;, &lt;strong&gt;consectetur adipiscing elit&lt;/strong&gt;. Donec &lt;code&gt;this is code&lt;/code&gt; venenatis augue. Class aptent taciti sociosqu ad litora torquent per conubia nostra, per inceptos himenaeos. Class aptent taciti sociosqu ad litora torquent per conubia nostra, per inceptos himenaeos. Integer vulputate pretium augue.&lt;/p&gt;

&lt;h3&gt;Header 3&lt;/h3&gt;

&lt;pre&gt;&lt;code class=&quot;language-css&quot;&gt;#header h1 a { 
	display: block; 
	width: 300px; 
	height: 80px; 
}&lt;/code&gt;&lt;/pre&gt;

&lt;h4&gt;Header 4&lt;/h4&gt;

&lt;ol&gt;
	&lt;li&gt;Lorem ipsum dolor sit amet&lt;/li&gt;
	&lt;li&gt;Consectetur adipiscing elit&lt;/li&gt;
	&lt;li&gt;Donec ut est risus, placerat venenatis augue&lt;/li&gt;
&lt;/ol&gt;

&lt;blockquote&gt;A blockquote. Lorem ipsum dolor sit amet, consectetur adipiscing elit. Donec ut est risus, placerat venenatis augue. Class aptent taciti sociosqu ad litora torquent per conubia nostra, per inceptos himenaeos.&lt;/blockquote&gt;

&lt;menu id=&quot;fcltHTML5Menu1&quot; type=&quot;context&quot;&gt;&lt;menuitem command=&quot;context&quot; label=&quot;Textise it&quot;&gt;&lt;/menuitem&gt;&lt;/menu&gt;

&lt;menu id=&quot;fcltHTML5Menu1&quot; type=&quot;context&quot;&gt;&lt;menuitem command=&quot;context&quot; label=&quot;Textise it&quot;&gt;&lt;/menuitem&gt;&lt;/menu&gt;

&lt;menu id=&quot;fcltHTML5Menu1&quot; type=&quot;context&quot;&gt;&lt;menuitem command=&quot;context&quot; label=&quot;Textise it&quot;&gt;&lt;/menuitem&gt;&lt;/menu&gt;
]]></content><private><![CDATA[]]></private><author><![CDATA[admin]]></author><menuOrder><![CDATA[0]]></menuOrder></item>
