<?xml version="1.0" encoding="UTF-8"?>
<pages><page><url><![CDATA[index]]></url><menuStatus><![CDATA[Y]]></menuStatus><menuOrder><![CDATA[0]]></menuOrder><menu><![CDATA[Home]]></menu><title><![CDATA[the latest]]></title><parent><![CDATA[]]></parent><private><![CDATA[]]></private><tags><![CDATA[getsimple, easy, content management system]]></tags></page><page><url><![CDATA[about]]></url><menuStatus><![CDATA[Y]]></menuStatus><menuOrder><![CDATA[1]]></menuOrder><menu><![CDATA[About]]></menu><title><![CDATA[About]]></title><parent><![CDATA[]]></parent><private><![CDATA[]]></private><tags><![CDATA[communism, darkweb, nootropics]]></tags></page><page><url><![CDATA[extras]]></url><menuStatus><![CDATA[Y]]></menuStatus><menuOrder><![CDATA[2]]></menuOrder><menu><![CDATA[Extras]]></menu><title><![CDATA[Extras]]></title><parent><![CDATA[]]></parent><private><![CDATA[]]></private><tags><![CDATA[]]></tags></page></pages>
