<?xml version="1.0" encoding="UTF-8"?>
<channel><item><pubDate><![CDATA[Mon, 31 Dec 2018 22:00:03 +0000]]></pubDate><title><![CDATA[Extras]]></title><url><![CDATA[extras]]></url><meta><![CDATA[]]></meta><metad><![CDATA[]]></metad><menu><![CDATA[Extras]]></menu><menuStatus><![CDATA[Y]]></menuStatus><template><![CDATA[template.php]]></template><parent><![CDATA[]]></parent><private><![CDATA[]]></private><author><![CDATA[admin]]></author><menuOrder><![CDATA[2]]></menuOrder><slug><![CDATA[extras]]></slug><filename><![CDATA[extras.xml]]></filename></item><item><pubDate><![CDATA[Mon, 24 Dec 2018 23:51:38 +0000]]></pubDate><title><![CDATA[the latest]]></title><url><![CDATA[index]]></url><meta><![CDATA[getsimple, easy, content management system]]></meta><metad><![CDATA[]]></metad><menu><![CDATA[Home]]></menu><menuStatus><![CDATA[Y]]></menuStatus><template><![CDATA[template.php]]></template><parent><![CDATA[]]></parent><private><![CDATA[]]></private><author><![CDATA[admin]]></author><menuOrder><![CDATA[0]]></menuOrder><slug><![CDATA[index]]></slug><filename><![CDATA[index.xml]]></filename></item><item><pubDate><![CDATA[Tue, 01 Jan 2019 23:49:04 +0000]]></pubDate><title><![CDATA[About]]></title><url><![CDATA[about]]></url><meta><![CDATA[communism, darkweb, nootropics]]></meta><metad><![CDATA[blogioography]]></metad><menu><![CDATA[About]]></menu><menuStatus><![CDATA[Y]]></menuStatus><template><![CDATA[template.php]]></template><parent><![CDATA[]]></parent><private><![CDATA[]]></private><author><![CDATA[admin]]></author><menuOrder><![CDATA[1]]></menuOrder><slug><![CDATA[about]]></slug><filename><![CDATA[about.xml]]></filename></item></channel>
