<?xml version="1.0" encoding="UTF-8"?>
<item><title><![CDATA[forgive me lord]]></title><date><![CDATA[Mon, 07 Jan 2019 15:38:32 +0000]]></date><tags><![CDATA[]]></tags><private><![CDATA[]]></private><metad><![CDATA[]]></metad><image><![CDATA[]]></image><content><![CDATA[&lt;p&gt;decided to change domain names on an impulse at like 3am this morning - apologies for the lack of any notice whatsoever, but i do have the old domain set up to forward here. seems like it&#039;s a little laggy, i really hope that&#039;s just the DNS tables working themselves out - but this new name is a used domain name, and i dont know if they&#039;re being properly forwarded to my host&#039;s nameservers like a brand new name would be.&lt;/p&gt;

&lt;p&gt;you might see little glitches here and there, for the most part the base url is a configured variable that i can change with a simple update, but here and there i might have to go in and manually change some raw code.&lt;/p&gt;

&lt;p&gt;i&#039;m .com official, baby!&lt;br /&gt;
	&lt;br /&gt;
	bbl,&lt;/p&gt;
]]></content></item>
