<?xml version="1.0" encoding="UTF-8"?>
<item><title><![CDATA[in which i vent a little, apologize a little, and explore powershell styling, as well as some light linux terminal styling in WSL]]></title><date><![CDATA[Tue, 25 Dec 2018 01:28:00 +0000]]></date><tags><![CDATA[]]></tags><private><![CDATA[]]></private><metad><![CDATA[]]></metad><image><![CDATA[]]></image><content><![CDATA[&lt;p&gt;wooo!&lt;/p&gt;

&lt;p&gt;hope the zero people who routinely check this website weren&#039;t holding their breath for the redesign, because i have done exactly zero work on the new layout. and honestly the longer time drags on, the higher the chances i&#039;m going to return to the current WIP theme and just toss it out in favor of whatever else will be grabbing my attention at any given moment - hell, the more i stare at the frontpage, the fonder i become of the minimal layout. still looking for a decent font to load - and still trying to figure out the best way to load that font uniformly across every OS and browser. (i know it&#039;s a simple fix but... effort...)&lt;/p&gt;

&lt;p&gt;i know this is a blog or whatever, but i am trying to avoid, well, &quot;blogging&quot;, ie, writing about my personal life. but it&#039;s been slow-going as far as content generation goes, because my personal life sure as hell decided to get in the way of everything. long story short: i like to think i&#039;ve had a pretty decent life as far as my karma goes, turns out i was just racking up my karma credit, and the gods called in my debts, all at once, all this month. it&#039;s been a nonstop torrent of extremely crappy events, layered over eachother. phone - and my 2FA authenticators - died, got into some legal issues (the worst kind to have to deal with - the kind where you&#039;re innocent, it&#039;d be easier if i&#039;d actually been guilty), pinched a nerve, got partnered with an awful coworker who is taking out their personal issues on me, etc etc etc. anyways, just trying to make it to 2019 with my sanity intact. oh wait, did i mention i might have fried my motherboard? i will get into that later, i think.&amp;nbsp;&lt;/p&gt;

&lt;p&gt;in somewhat cheerier news, i am currently spitballing ideas for a new domain name. well, more than spitballing... i have developed a new addiction, and that is lurking the domain name auction clearinghouses for these real crappy, bargain-bin, closeout domain names. there&#039;s a combination of pretty cool names being sold for supercheap - i passed up the opportunity to buy &lt;strong&gt;guitarnoise.org&lt;/strong&gt; for ten bucks! - and there&#039;s some names with alot of comedic potential - &lt;strong&gt;mycreepyclowns.net&lt;/strong&gt;, &lt;strong&gt;ihavepot.net&lt;/strong&gt;, &lt;strong&gt;acowgirlandhercoonhound.com&lt;/strong&gt;, that sort of thing. i&#039;ve made some purchases, like &lt;strong&gt;notaponzischeme.com&lt;/strong&gt;, which&amp;nbsp;might come in handy when i start my multi-level-marketing phase. i also picked up &lt;strong&gt;fadestate.org&lt;/strong&gt; because...&amp;nbsp; i dunno. it had a vibe to it, that&#039;s the sort of domain name i would have used back in the day, it&#039;s sort of vaguely deep but at the same time means nothing whatsoever. it could be the name of some indie album, who knows. rounding out my purchases is stupidforce.com - it&#039;s a website name just begging for some sort of satirical project, and i&#039;m gonna be spitballing ideas until something sticks. i need to slow down, but man, some of these websites are just too great. annoyed at myself already though because i know i&#039;ll probably ignore all these and wind up registering something for scuggscorp inc, my completely fake company that i use when asked to provide a company name for shipping and stuff.&amp;nbsp;&lt;/p&gt;

&lt;p&gt;anyways i&#039;m already losing steam as far as writing up what i came here to writeup... which is my current workflow for a fresh install of windows 7/10.&amp;nbsp;&lt;/p&gt;

&lt;p&gt;&lt;a href=&quot;https://i.imgur.com/mLWDUTo.png&quot;&gt;&lt;img alt=&quot;&quot; src=&quot;http://yellowfog.xyz/mechanized/data/uploads/2018-12-24.png&quot; style=&quot;width: 325px; height: 186px;&quot; /&gt;&lt;/a&gt;&lt;/p&gt;

&lt;p&gt;unlike last post&#039;s images, you can actually click and enlarge this one. and no, i am not going to go back and make the other post&#039;s images clickable, because literally noone is reading this, and whoever does, should be able to reverse engineer their way to the originals anyways. if not, whatever.&amp;nbsp;&lt;/p&gt;

&lt;p&gt;what you&#039;re looking at is about an hour&#039;s worth of work, though now it might take 15-30minutes now that i know what i&#039;m looking for. it&#039;s a combination of a few key pieces of software:&lt;/p&gt;

&lt;ul&gt;
	&lt;li&gt;windows subsystem for linux (WSL) - only on windows 10, sorry 7!!&lt;/li&gt;
	&lt;li&gt;scoop - a package manager for windows&lt;/li&gt;
	&lt;li&gt;chocolatey - not necessary to set these prompts up, but it is also a package manager and between scoop and chocolatey, you can pretty much get anything you need with just a few commands in your preferred shell&lt;/li&gt;
	&lt;li&gt;pshazz - the creator of scoop developed a way to style the powershell prompt, taking inspiration from oh-my-zsh. you can see my setup on the leftmost console in that screenshot above&lt;/li&gt;
	&lt;li&gt;concfg - pshazz altered the style, concfg alters the color scheme. these are both housed on scoop - to install, just type &lt;code&gt;scoop install pshazz&lt;/code&gt; and &lt;code&gt;scoop install concfg&lt;/code&gt;. you can then type &lt;code&gt;pshazz use expander&lt;/code&gt; and &lt;code&gt;concfg import monokai&lt;/code&gt; to get the same prompt pictured above, but you will also need...&lt;/li&gt;
	&lt;li&gt;nerd-fonts, aka fonts for powerline - these go by a variety of names, and can be found packaged together, or as individual files - basically the concept is a series of fonts which are both 1) monospaced for compatibility with text editors and terminals, and 2) have ligatures, ie stylized icons such as arrows, check marks, etc - without these fonts, these prompts would be broken, with alot of []&#039;s scattered throughout them. my favorite fonts so far are &lt;strong&gt;mononoki&lt;/strong&gt;, &lt;strong&gt;fantasque sans mono&lt;/strong&gt;, &lt;strong&gt;inconsolata&lt;/strong&gt;, and &lt;strong&gt;monofur&lt;/strong&gt;.&amp;nbsp;&lt;/li&gt;
	&lt;li&gt;gow - gow stands for something-on-windows. GNU, maybe? i dunno. basically gow is the answer to a question - &quot;how can i get bash-like commands on windows, without having to waste half a gig on a cygwin install i will literally never use, aside from the aforementioned bash commands?&quot;. with a simple &lt;code&gt;scoop install -g gow&lt;/code&gt;, you gain a large pool of popular/common bash commands, and - most importantly to me - you also gain vim and nano, two super awesome, command-line, text editors. vim is definitely the more powerful one, but i&#039;m partial to nano, because... well, because &lt;code&gt;insert&lt;/code&gt; and &lt;code&gt;ctrl+]&lt;/code&gt; should never, ever, ever be required to quickly create and edit scripts on the fly. i mean, if you told the average person that they would have to type &lt;code&gt;:q!&lt;/code&gt; to exit a program without saving, they would assume you were just making shit up.&amp;nbsp;&lt;/li&gt;
	&lt;li&gt;babun - i haven&#039;t installed it here, but i should mention it because it&#039;s a great compromise between a bloated cygwin install, and a barebones gow install. it&#039;s fleshed out with a mintty-powered console and has that /cygwin/ filesystem for more fleshed out linux&#039;ing - and more importantly to the aesthetically-minded, you will need babun at a bare minimum if you want to bring syntax highlighting to vim and nano on windows. wish i knew more about the inner workings of all this code, because maybe there&#039;s a way to do it with gow, but i&#039;m pretty sure gow doesn&#039;t really set up a real home environment that would serve as a home for an .rc file, with which you could enable syntax highlighting.&amp;nbsp;&lt;/li&gt;
	&lt;li&gt;colortool - colortool is the program that gives you that fancy color palette that you see on previews of various terminal color schemes. a simple &lt;code&gt;scoop install colortool&lt;/code&gt;, followed by &lt;code&gt;colortool -c&lt;/code&gt;, will generate something like the bottom-right terminal in the above screenshot.&amp;nbsp;&lt;/li&gt;
&lt;/ul&gt;

&lt;p&gt;that pretty much gets you setup on the windows side, but to really make the most of WSL - pictured above in the middle terminal shell - you will also need to install&amp;nbsp;&lt;/p&gt;

&lt;ul&gt;
	&lt;li&gt;zsh - an alternative shell that replaces the default bash found on most linux distros (including ubuntu, which is what i am using). i know it&#039;s a terrible analogy, but going from bash to zsh is like going from cmd to powershell - yes, i know bash is actually FAR more fleshed out than cmd, yes i know blah blah blah shut up i can&#039;t hear you. simply &lt;code&gt;sudo apt-get install zsh&lt;/code&gt; and boom!&amp;nbsp;&lt;/li&gt;
	&lt;li&gt;oh-my-zsh - OMZ is the thing that inspired pshazz - it&#039;s a utility that turns your boring ass &quot;user &amp;gt; _&quot; terminal prompt into a fancy, colorful prompt chock full of information. it&#039;s not the only tool out there like this, but it&#039;s definitely the favorite for console hipsters everywhere. naturally, i had to use it.&amp;nbsp;&lt;/li&gt;
	&lt;li&gt;powerlevel9k / powerline - i&#039;m not sure what separates the two, but basically this is the specific theme for OMZ that creates this specific style for the prompt, as seen in the screenshots. i can&#039;t remember if it&#039;s got a sort of grey/white/brownish colorscheme by default, or if i did some color theming somewhere in between all of this... or if it&#039;s something defined by the terminal. but i&#039;m too lazy to go back and figure it out which is why this isn&#039;t my official &quot;how to&quot; workflow post.&amp;nbsp;&lt;/li&gt;
	&lt;li&gt;screenfetch - the companion to colortool, except specific to linux only. it&#039;s the thing that generates that pretty ASCII logo (in this case, ubuntu - but it changes based on your OS) and you see this the most in screenshots of tmux setups, usually alongside htop, which shows realtime cpu stats. you can fond both with &lt;code&gt;sudo apt-get install screenfetch&lt;/code&gt; (or htop).&lt;/li&gt;
	&lt;li&gt;colorls / zsh-syntax-highlighting - you can add all the color you want to your prompts, but you&#039;ll still see alot of plain ol&#039; boring white text when you do most of your commandline stuff. in linux, at least, there&#039;s a way around that. colorls is pretty straightforward - it color-codes your directories and files whenever you list them with &lt;code&gt;ls&lt;/code&gt;. this is partially built in to pshazz (depends on the theme you choose, really) but takes a little more effort if you&#039;re using WSL (and, i assume, proper linux). setting this up is... a bit more complicated than a simple sudo apt-get: you&#039;ll first install ruby, and then you&#039;ll install colorls as a gem. now... i also mentioned zsh-syntax-highlighting... it&#039;s kind of the same thing, it simply adds more color to an otherwise monochromatic terminal. apologies, but i installed all this in a flurry of activity and didn&#039;t really stop to test each change individually, but rather reloaded my shells every ten minutes or so to see the firection it was going. my bad, i&#039;m a messy bitch. if and when i get to craking out real software, i am sure other coders are going to find my documentation to be horrific, and quite possibly qualify as legal abuse in some cases.&amp;nbsp;&lt;/li&gt;
&lt;/ul&gt;

&lt;p&gt;anyways, that&#039;s all for now. i know this isn&#039;t very in-depth, and you&#039;re probably more confused than anything - and if you&#039;re a poweruser, you&#039;re probably super pissed at how terribly i explained alot of these things. but the goal here is a sort of general breakdown, because piecing all this together took me alot of time and google fu - you&#039;ll still have to do the googling part, but now you know what terms to look for, and which directions to go towards. hopefully this will save someone out there some time!&lt;/p&gt;

&lt;p&gt;&lt;u&gt;&lt;strong&gt;****EDIT:&lt;/strong&gt;&lt;/u&gt; i forgot to mention it, but some of y&#039;all might panic if you see it without me mentioning it: git. you&#039;ll need it to install pshazz so scoop will tell you to &lt;code&gt;scoop install git&lt;/code&gt;, and you&#039;ll need it to install some of the other plugins and addons, in particular using &lt;code&gt;git clone&lt;/code&gt; to download file directories that you will then use in various ways. i could go into more detail but trust me when i say the best way to learn how this all works is to google around, read tutorials, and simply DIY. along the way you&#039;ll find that some of it manages to stick!&lt;/p&gt;

&lt;p&gt;until next time,&amp;nbsp;&lt;/p&gt;

&lt;p&gt;&amp;nbsp;&lt;/p&gt;

&lt;p&gt;&amp;nbsp;&lt;/p&gt;
]]></content></item>
