<?xml version="1.0" encoding="UTF-8"?>
<item><title><![CDATA[more pardons, more dust]]></title><date><![CDATA[Thu, 27 Dec 2018 16:36:28 +0000]]></date><tags><![CDATA[]]></tags><private><![CDATA[]]></private><metad><![CDATA[]]></metad><image><![CDATA[]]></image><content><![CDATA[&lt;p&gt;i said i wasnt gonna mess with the layout, so naturally, i messed with it.&amp;nbsp;&lt;/p&gt;

&lt;p&gt;i managed to shoehorn the getsimple backend into my original layout - unfortunately there&#039;s still quite a bit of CSS styling to do. even more unfortunately, i&#039;m lazy, i have shit to do, i&#039;m tired, etc. etc.&amp;nbsp;&lt;/p&gt;

&lt;p&gt;&lt;img alt=&quot;&quot; src=&quot;https://yellowfog.xyz/mechanized/data/uploads/2018-12-08_03-32-39-049.jpg&quot; style=&quot;width: 400px; height: 300px;&quot; /&gt;&lt;/p&gt;

&lt;p&gt;thanks for bearing with me - i don&#039;t know why i put this off for so long, it went pretty smoothly as far as getting the page to spit out my blog posts goes. i guess where i hesitated was this next part, where i undergo alot of trial-and-error to figure out how to best apply CSS to the more janky parts you see here.&amp;nbsp;&lt;/p&gt;
]]></content></item>
