<?xml version="1.0" encoding="UTF-8"?>
<item><title><![CDATA[new year new mekkanized]]></title><date><![CDATA[Mon, 31 Dec 2018 21:16:00 +0000]]></date><tags><![CDATA[]]></tags><private><![CDATA[]]></private><metad><![CDATA[]]></metad><image><![CDATA[]]></image><content><![CDATA[&lt;p&gt;it is new years eve so i figured i would get the layout at least properly styled - pretty sure all the CSS is now properly tagged - or, well, just tagged anyways. i&#039;m a little confused - which is definitely reflected in the css. fair warning before viewing it: you&#039;ll want to ram it, and your eyes, through an industrial beautifyjs script.&amp;nbsp;&lt;/p&gt;

&lt;p&gt;you&#039;ll notice i had to get super specific with alot of the definitions and tags - it seems like i can&#039;t count on children and subsections to inherent styles from parents? i suspect it has something to do with the unusual code i used to define the layout:&amp;nbsp;&lt;/p&gt;

&lt;pre&gt;&lt;code&gt;.wrapper {
  display: grid;
  grid-gap: 20px;
  grid-template-columns: 1fr 3fr;
  grid-template-areas: 
    &quot;header  header&quot;
    &quot;sidebar content&quot;
    &quot;footer  footer&quot;;
}&lt;/code&gt;&lt;/pre&gt;

&lt;p&gt;this piece of code more or less powers this entire page, but i barely understand how it works. which is kind of a blessing, because it means i can blame anything that goes wrong, on the grid css.&lt;/p&gt;

&lt;p&gt;for example - on the left is the navigation menu, which displays the links vertically. i&#039;ve always been able to wrangle this list into a horizontal configuration, and i&#039;ll usually then serve it up right under the header tagline, which is sort of the common thing to do. but i&#039;m still having&amp;nbsp;trouble there, so i had to break one of my goals, which was a completely in-line webpage with nothing out in the margins or gutters.&amp;nbsp;&lt;/p&gt;

&lt;p&gt;i suspect i&#039;ll have to actually wind up looking up what the specific li class is that gs wraps its nav menu generation php script in, and define it in the css. and man, i could totally stop writing this - like right here, right now - and go fix that, but i am on my way out the door to go fix another problem, a real struggle with getting my UEFI bios on my desktop to read ntfs boot drives,&amp;nbsp;which i think i will write about next time (i always say that; i never do)&amp;nbsp;&lt;/p&gt;

&lt;p&gt;oh yeah! one more thing, which was the thing i actually came here to write about - even though the page basically looks the same, it&#039;s had a huge renovation underneath, down in the backend and with the CSS. is this something worth an entire version upgrade for? no, but look, by my calculations i was on my 9th iteration of this trashblog, which means the next version will be the tenth, which means i can now use the roman numeral X - and &quot;mechanized X&quot; looks super badass.&amp;nbsp;&lt;/p&gt;

&lt;p&gt;so hello, hi, welcome to mechanized x, i hope the colors are pretty, i hope the layout works in your browser, i hope you don&#039;t judge me too hard for how jerry-rigged this entire thing is.&amp;nbsp;&lt;/p&gt;

&lt;p&gt;we&#039;ll meet again!,&amp;nbsp;&lt;/p&gt;

&lt;p&gt;&amp;nbsp;&lt;/p&gt;

&lt;p&gt;&amp;nbsp;&lt;/p&gt;
]]></content></item>
