<?xml version="1.0" encoding="UTF-8"?>
<item><title><![CDATA[pardon the dust !]]></title><date><![CDATA[Sun, 16 Dec 2018 22:35:00 +0000]]></date><tags><![CDATA[]]></tags><private><![CDATA[]]></private><metad><![CDATA[]]></metad><image><![CDATA[]]></image><content><![CDATA[&lt;p&gt;welp, welcome to the new theme - aka a plain-ass, boring-ass theme. i got tired of staring at awful, half-broken beta-stage ideas while also being unable to actually update the website, so i grabbed a bareboned GS theme and threw it up with the minimum amount of customizing necessary to get it functioning.&lt;/p&gt;

&lt;p&gt;half the struggle with any website, beyond the actual coding itself, is finding a purpose - and then creating content. well, there&#039;s good news there - i might have some ideas for what this blog could be about!&lt;/p&gt;

&lt;p&gt;it started last night while i was doing the latest round of overclocking, in which i bump my processor up 0.1ghz, the voltage up 0.01v, and then run some stability tests. lately i&#039;d been encountering some errors, in particular, during heavy loads my graphics driver would crash, the screen would go black, and then it would come back and inform me of the error.&lt;/p&gt;

&lt;p&gt;last night, however, i could barely login to Windows before the driver crashed - and crashed again - and again - and again - and eventually went to reboot.&lt;/p&gt;

&lt;p&gt;i was devastated: it seemed the dreaded moment had arrived, the thing every overclocker fears: &lt;em&gt;i had finally fried my hardware&lt;/em&gt;. in particular, the errors pointed to a fried graphics card. naturally i was pretty fuckin sad about that, because thanks to cryptocurrency speculation, the current price of graphics cards is insanely high compared to what it was even one or two years ago - my current card, an nVidia GTX 1050 Ti, is worth &lt;em&gt;more&lt;/em&gt; now, even &lt;em&gt;used&lt;/em&gt;, than it was when I bought it brand new.&lt;/p&gt;

&lt;p&gt;i was frustrated, but i am now thirty years old, and after thirty years, i had learned that maybe my tendency towards doom-and-gloom can sometimes be misleading.&lt;/p&gt;

&lt;p&gt;so, i took some deep breaths, i aligned my chi, i grabbed my backup drive, my box of operating system install USB&#039;s, a drill, and some other assorted tools.&lt;/p&gt;

&lt;p&gt;i figured, if my gpu was dead, i wasn&#039;t gonna be computing anytime soon, so i might as well do what i&#039;ve been putting off forever: a massive top-down cleanup of my computer. i&#039;m talking not just the usual reformat and reinstall of the operating system - but also opening the case up, pulling out all the parts, doing what cleaning i could, and then throwing it all back in - hopefully doing some cable management as well.&lt;/p&gt;

&lt;p&gt;long story short... well, i&#039;m here typing this post, so you can probably guess that MY COMPUTER IS NOW WORKING AGAIN!&lt;/p&gt;

&lt;p&gt;&lt;img alt=&quot;&quot; src=&quot;http://www.yellowfog.xyz/mechanized/data/thumbs/img/thumbnail.case_side_1.jpg&quot; style=&quot;width: 200px; height: 260px;&quot; /&gt;&lt;img alt=&quot;&quot; height=&quot;250&quot; src=&quot;http://www.yellowfog.xyz/mechanized/data/thumbs/img/thumbnail.IMG_20181216_143705.jpg&quot; width=&quot;188&quot; /&gt;&lt;img alt=&quot;&quot; src=&quot;http://www.yellowfog.xyz/mechanized/data/thumbs/img/thumbnail.IMG_20181216_143746.jpg&quot; style=&quot;width: 200px; height: 266px;&quot; /&gt;&lt;/p&gt;

&lt;p&gt;as it turns out, as much time as i spend rummaging inside my case doing RAM swaps, fan optimizing, etc - i had managed to loosen the GPU from the PCI slot ever-so-slightly, not enough to really notice, but enough to i guess cause some problems for the GPU. now, knock on wood because i haven&#039;t gotten around to running a game yet, but so far I haven&#039;t had a single driver crash, so at the very least i&#039;m good on that front.&lt;/p&gt;

&lt;p&gt;the images above highlight two changes i&#039;ve made - the first being that i routed my power switch LED into the back of my little 3d-printed gundam head trinket. very pretty :D the second is something i like to call &quot;the windtunnel overkill&quot; - i now have &lt;em&gt;four&lt;/em&gt; fans lined up, from front to rear, to provide a massive blast of air through the CPU cooler, a cryorig h5 (already capable of some serious cooling). on top of that, i stuck a little 80mm fan above the ram to pull air up and away, to get some convection going - the cryorig is so huge that it partially covers one of the RAM sticks, and i always worry about heat buildup there. besides all that, i have my old CPU cooler laying around, so i just sort of sat it on top of the cryorig... i figured it would maybe do some work pre-cooling the fins. we&#039;ll see. the setup looks something like this:&lt;/p&gt;

&lt;pre&gt;&lt;code&gt;rear                   front
   ___v5v__v6v__________
  |&amp;lt;  xxx&amp;lt;  r    &amp;lt;     &amp;lt;   
  |1  xxx2  r    3     4     
  |&amp;lt;  xxx&amp;lt;  r    &amp;lt;_____&amp;lt;   
  |                    |   
  |   ^                &amp;lt;
  |   8                7    
  |   ^                &amp;lt;    
  |____________________|

&amp;lt;#&amp;lt; = fan (number) and direction
^#^ = fan (number) and direction
x = cpu cooler radiator block
r = position of ram

1,2,3,4: windtunnel fans
5: cpu cooler&#039;s cpu cooler [xzibit.jpg]
6: ram cooling  7: lower front fan 
  (pulls air to hdd&#039;s)
8: side fan (pulls air in to GPU)
&lt;/code&gt;&lt;/pre&gt;

&lt;p&gt;along with the sidewall fan pulling air to the GPU, that makes seven fans inside my PC - plus the two that my GPU has, for a total of &lt;em&gt;nine&lt;/em&gt; fans.&lt;/p&gt;

&lt;p&gt;does this seem like overkill? yes. however - did i mention that i am currently running an AMD FX 8350, overclocked to 4.8ghz (and counting - looking for that big five-oh, baby!)? suddenly, nine fans doesn&#039;t seem like enough... that 8350 runs super hot. but i gave myself a goal awhile back: get this beast to 5ghz, and do it without liquid cooling. why? mainly a sort of &quot;because fuck-you-thats-why&quot; attitude, as the internet in general seems to poke alot of fun at the 8350 for its ability to double up as a space-heater during the winter. well guess what? it&#039;s winter bitch!!!&lt;/p&gt;

&lt;p&gt;anyways, that&#039;s all for now. coming up here soon i really wanna write an album review, re: Fucked Up&#039;s &lt;em&gt;Dose Your Dreams&lt;/em&gt;. it&#039;s good. besides that, i want to also maybe write up the process i have for setting up my commandline from a fresh windows install. but that will probably be a big, multi-part project... it involves &lt;em&gt;alot&lt;/em&gt; of trial-and-error, a brief romance with windows 10, my efforts to nuke that demonOS from my computer, and my adventures with various consoles, terminals, shells... whatever you call them... it gets confusing. you can have bash, and powershell, and hyper, and you can run bash in hyper but you can&#039;t run powershell in bash but you can run oh fuck i&#039;m already confused. and if you know your commandline computing, you can probably see already from the image below that none of the ones i mentioned are even being used here:&lt;/p&gt;

&lt;p&gt;&lt;img alt=&quot;&quot; src=&quot;http://www.yellowfog.xyz/mechanized/data/uploads/img/oIl3wpk.jpg&quot; style=&quot;width: 400px; height: 241px;&quot; /&gt;&lt;/p&gt;

&lt;p&gt;it looks like hyper, but it isn&#039;t. matter of fact i don&#039;t know why this isn&#039;t more well-known than hyper, it&#039;s a console (terminal? emulator? fuck i hate how abstract this shit is sometimes) called terminus. the more enlightened amongst you can check it out with: &lt;code&gt;choco install terminus&lt;/code&gt;&lt;/p&gt;

&lt;p&gt;obviously i&#039;m gonna probably write about chocolatey as well. it&#039;s good. anyways, if you don&#039;t see more writing after this sentence, you can assume my GPU works, and i have finished this post and loaded up War Thunder for some sunday afternoon murder. llater,&lt;/p&gt;
]]></content></item>
