<?xml version="1.0" encoding="UTF-8"?>
<item><title><![CDATA[quick updoot]]></title><date><![CDATA[Tue, 01 Jan 2019 23:45:00 +0000]]></date><tags><![CDATA[]]></tags><private><![CDATA[]]></private><metad><![CDATA[]]></metad><image><![CDATA[]]></image><content><![CDATA[&lt;p&gt;one of my favorite things about the recent updates to w3c standards is that you can just make your own tags now. like, instead of &lt;code&gt;&amp;lt;div id=&quot;nav&quot;&amp;gt;&lt;/code&gt;, i just defined &quot;nav&quot; as an element, and wrapped my menu with &lt;code&gt;&amp;lt;nav&amp;gt;&amp;lt;/nav&amp;gt;&lt;/code&gt;. sorry. IE6.&amp;nbsp;&lt;/p&gt;

&lt;p&gt;anyways, this post is to simple say that the following post can, for the most part, be ignored: i now have the menu setup where and how i wanted it. this is how i did it:&amp;nbsp;&lt;/p&gt;

&lt;pre&gt;&lt;code&gt;
    nav { 
	    position:relative; 
	    margin: 0px auto;
	    width:225px;
	}

	nav li { 
	    float:left;
	    padding: 2px 10px 2px 0;
	    list-style-type:none;
	}&lt;/code&gt;&lt;/pre&gt;

&lt;p&gt;something that frustrates me - has, and will probably always - is that i have almost no abstract grasp of how the &lt;code&gt;position&lt;/code&gt; and &lt;code&gt;float&lt;/code&gt; properties function. what should, or could be a simple process instead becomes about 30 minutes of annoyance where i pick something to change, change it, and then refresh the webpage to see if it looks more, or less broken.&amp;nbsp;&lt;/p&gt;

&lt;p&gt;i guess the best way to learn will be to &lt;em&gt;truly&lt;/em&gt; create my own css layout from scratch, without borrowing bits and pieces from the common repository of css hacks - but at the same time, i have a feeling that, like adulthood, the people who make CSS layout design seem easy are just as confused as we are, and super pleased when things somehow go right despite not knowing how or why.&amp;nbsp;&lt;/p&gt;
]]></content></item>
