<?xml version="1.0" encoding="UTF-8"?>
<item><title><![CDATA[the cruellest month]]></title><date><![CDATA[Tue, 02 Apr 2019 03:19:57 +0000]]></date><tags><![CDATA[]]></tags><private><![CDATA[]]></private><metad><![CDATA[]]></metad><image><![CDATA[]]></image><content><![CDATA[&lt;p&gt;this isn&#039;t an april fool&#039;s post, i swear! just checking in to fix this broke-ass website, since my front page is down.&lt;/p&gt;

&lt;p&gt;i have a custom font applied in Firefox/chrome to replace the default times new roman, so i forgot how fucking ugly a webpage without any css can look, but fuck you if you think i&#039;m gonna edit the fadestate.com index page to make it look less like trash.&lt;/p&gt;

&lt;p&gt;lots of things bubbling under the surface here at fadestate, and just about none of it is ready to share publicly. if, for some reason, you are reading this post - you can toss me an email [andrew at fadestate dot com] and we can go from there. the two main things i have been working on is bringing an asciinema clone to a local installation, as well as getting acquainted with nextcloud - although the NC server is starting to show me that it might be time to upgrade my webhost, because it is pretty bandwidth intensive and i almost - ALMOST - feel bad for the current servers as they constantly groan under my repeated abuse of the transfer caps.&lt;/p&gt;

&lt;p&gt;the big goal in my life at the moment is to maybe improve my organizing skills, and to that extent it&#039;s been neat using nextcloud as a repo for a tasklist and a notepad that i can basically access from anywhere. but man, i am quite smitten with a program called &lt;code&gt;dstask&lt;/code&gt;, which is just about as widely available as anything is thanks to the windows 10 linux subsystem. it&#039;s very similar to the more popular &lt;code&gt;taskwarrior&lt;/code&gt;, but it was designed from te ground up to be a remotely sync&#039;d program - you can&#039;t even run it until you have initiated a git repository for the data files.&lt;/p&gt;

&lt;p&gt;between dstask and &lt;code&gt;jrnl&lt;/code&gt;, keeping track of my disaster of a life has become somewhat easier. i&#039;ll probably add a note right now to do a more extensive writeup on them.&lt;/p&gt;

&lt;p&gt;&amp;nbsp;&lt;/p&gt;

&lt;p&gt;anyways, if the past is any indication, i suppose i&#039;ll see you in about two months. until then,&lt;/p&gt;
]]></content></item>
