<?xml version="1.0" encoding="UTF-8"?>
<item><title><![CDATA[v9.0 is up and running!]]></title><date><![CDATA[Sat, 24 Nov 2018 20:16:00 +0000]]></date><tags><![CDATA[]]></tags><private><![CDATA[]]></private><metad><![CDATA[]]></metad><image><![CDATA[]]></image><content><![CDATA[&lt;p&gt;call this post the christening of this website - mechanized v9.0, aka MONOKAInized, is... i&amp;nbsp;don&#039;t want to say&amp;nbsp;&lt;em&gt;ready&lt;/em&gt;, per se, but it is ready&amp;nbsp;&lt;em&gt;enough&lt;/em&gt;.&amp;nbsp;&lt;/p&gt;

&lt;p&gt;i chose GetSimple as the backend to serve my posts because my host apparently throws all the mySQL databases on the same clump of shared servers, which made loading times absolutely god-awful for traditional publishing software like WordPress. GetSimple avoids this by using a flat-file system - which i probably shouldn&#039;t point out as far as website security goes, but hopefully i&#039;ll have the GS database locked down before anyone too evil sees this post.&amp;nbsp;&lt;/p&gt;

&lt;p&gt;i&#039;ll hammer out a more fitting introductory post later, but i didn&#039;t want to leave the frontpage filled with a bunch of lorem ipsum filler.&amp;nbsp;&lt;/p&gt;

&lt;p&gt;i still have some things on my todo list:&lt;/p&gt;

&lt;ul&gt;
	&lt;li&gt;tweak the color scheme a bit, maybe?&lt;/li&gt;
	&lt;li&gt;choose a font scheme to adopt&amp;nbsp;&lt;/li&gt;
	&lt;li&gt;&lt;strike&gt;figuring out how to do a menu - i want to keep the page as minimal as possible, but at some point, i will (hopefully) have enough content to warrant an archive-type page, so i will need to figure out how to seamlessly add that without adding too much clutter to this interface.&lt;/strike&gt; i&#039;ve added the menu to the floating aesthetic bar! i wanted to keep it clear of anything - and just serve as a neat little touch of color, a nod to the &lt;a href=&quot;https://www.monokai.pro/&quot;&gt;palette&lt;/a&gt; that inspired this current theme. but it looks like necessity dictates another path - and i suppose it will be a way to continue to hone my pretty subpar mastery of alignment using CSS - i&#039;d like to find a way to keep the website name permanently fixed within the &lt;strong&gt;&lt;font color=&quot;#a6e22e&quot;&gt;green&lt;/font color&gt;&lt;/strong&gt; color block.&amp;nbsp;&lt;/li&gt;
	&lt;li&gt;clean up the layout files - I used a variation of the ever-useful &lt;a href=&quot;https://html5boilerplate.com/&quot;&gt;HTML5 Boilerplate&lt;/a&gt; as the foundation to build this layout. while this is advantageous in that the basic skeletal structure is already laid out, making it a breeze to hop in and begin building a layout, it also means there will inevitably be alot of &quot;surplus&quot; code laying around - other components that i did not wind up using. in order to reduce file sizes and increase loading times, i would like to trim alot of this code out. however... as an intermediate coder at best, i often experience that fascinating phenomenon wherein a bunch of code that shouldn&#039;t work, somehow...&amp;nbsp;&lt;em&gt;does&lt;/em&gt;. if this website breaks, it&#039;s probably because i just deleted a line or two of code that i&amp;nbsp;&lt;em&gt;thought&lt;/em&gt;&amp;nbsp;was non-essential, and yet...&amp;nbsp;&lt;/li&gt;
	&lt;li&gt;an example of the above: all the font colors on this website are, oddly enough, controlled by the&amp;nbsp;&lt;em&gt;header&lt;/em&gt;&amp;nbsp;styles in my &lt;font face=&quot;lucida console&quot;&gt;typeplates.css&lt;/font&gt; file. i&#039;ve poked through to try to ascertain how the fonts are told to look there for their styling cues, but... like i said, i&#039;m no pro :P&lt;/li&gt;
&lt;/ul&gt;

&lt;p&gt;as always, it&#039;s weird to write here because i know that right now, i&#039;m quite literally typing into the void, and yet, i know i am also writing to someone in the future, who has yet to discover this website. so i guess i should say, to that future website visitor: welcome, please pardon the mess, and apologies for the lack of content now, but please check back in occasionally to find interesting thoughts and musings from a random voice on the internet.&amp;nbsp;&lt;/p&gt;
]]></content></item>
