<?xml version="1.0" encoding="UTF-8"?>
<channel><item><slug><![CDATA[the-cruellest-month]]></slug><title><![CDATA[the cruellest month]]></title><date><![CDATA[Tue, 02 Apr 2019 03:19:57 +0000]]></date><tags><![CDATA[]]></tags><private><![CDATA[]]></private><image><![CDATA[]]></image></item><item><slug><![CDATA[forgive-me-lord]]></slug><title><![CDATA[forgive me lord]]></title><date><![CDATA[Mon, 07 Jan 2019 15:38:32 +0000]]></date><tags><![CDATA[]]></tags><private><![CDATA[]]></private><image><![CDATA[]]></image></item><item><slug><![CDATA[quick-updoot]]></slug><title><![CDATA[quick updoot]]></title><date><![CDATA[Tue, 01 Jan 2019 23:45:00 +0000]]></date><tags><![CDATA[]]></tags><private><![CDATA[]]></private><image><![CDATA[]]></image></item><item><slug><![CDATA[new-year-new-mekkanized]]></slug><title><![CDATA[new year new mekkanized]]></title><date><![CDATA[Mon, 31 Dec 2018 21:16:00 +0000]]></date><tags><![CDATA[]]></tags><private><![CDATA[]]></private><image><![CDATA[]]></image></item><item><slug><![CDATA[more-pardons-more-dust]]></slug><title><![CDATA[more pardons, more dust]]></title><date><![CDATA[Thu, 27 Dec 2018 16:36:28 +0000]]></date><tags><![CDATA[]]></tags><private><![CDATA[]]></private><image><![CDATA[]]></image></item><item><slug><![CDATA[in-which-i-vent-a-little-apologize-a-little-and-explore-powershell-styling-as-well-as-some-light-linux-terminal-styling-in-wsl]]></slug><title><![CDATA[in which i vent a little, apologize a little, and explore powershell styling, as well as some light linux terminal styling in WSL]]></title><date><![CDATA[Tue, 25 Dec 2018 01:28:00 +0000]]></date><tags><![CDATA[]]></tags><private><![CDATA[]]></private><image><![CDATA[]]></image></item><item><slug><![CDATA[pardon-the-dust]]></slug><title><![CDATA[pardon the dust !]]></title><date><![CDATA[Sun, 16 Dec 2018 22:35:00 +0000]]></date><tags><![CDATA[]]></tags><private><![CDATA[]]></private><image><![CDATA[]]></image></item><item><slug><![CDATA[v90-is-up-and-running]]></slug><title><![CDATA[v9.0 is up and running!]]></title><date><![CDATA[Sat, 24 Nov 2018 20:16:00 +0000]]></date><tags><![CDATA[]]></tags><private><![CDATA[]]></private><image><![CDATA[]]></image></item></channel>
